Home team,Away team,Home score,Away score,Home odds,Draw odds,Away odds
Crusaders,Jaguares,19,3,1.15,29.04,5.85
Crusaders,Hurricanes,30,26,1.16,28.08,5.34
Jaguares,Brumbies,39,7,1.4,22.63,3.1
Brumbies,Sharks,38,13,1.35,22.95,3.25
Hurricanes,Bulls,35,28,1.16,28.96,5.22
Jaguares,Chiefs,21,16,1.54,21.41,2.53
Crusaders,Highlanders,38,14,1.1,31.63,6.65
Bulls,Lions,48,27,1.55,22.8,2.49
Stormers,Sharks,9,12,1.71,21.09,2.19
Brumbies,Reds,40,27,1.27,24.94,3.81
Hurricanes,Blues,29,24,2.03,20.65,1.81
Jaguares,Sunwolves,52,10,1.03,48.8,10.41
Rebels,Chiefs,8,59,2.14,21.48,1.74
Highlanders,Waratahs,49,12,1.1,36.7,6.79
Jaguares,Sharks,34,7,1.4,23.26,2.99
Stormers,Sunwolves,31,18,1.05,43.36,9.21
Lions,Hurricanes,17,37,2.24,20.92,1.69
Waratahs,Brumbies,24,35,1.72,21.3,2.17
Crusaders,Rebels,66,0,1.04,44.9,9.28
Reds,Blues,29,28,2.08,21.45,1.78
Highlanders,Bulls,24,24,1.26,25.6,3.9
Lions,Stormers,41,22,1.6,22.31,2.4
Sharks,Hurricanes,17,30,2.28,21.66,1.66
Reds,Jaguares,23,34,2.24,22.1,1.67
Chiefs,Crusaders,40,27,5.28,29.71,1.16
Sunwolves,Brumbies,19,42,5.46,30.58,1.15
Rebels,Waratahs,15,20,1.46,21.27,2.8
Blues,Bulls,22,22,1.27,23.11,3.93
Sharks,Lions,27,17,1.46,22.08,2.74
Stormers,Highlanders,34,22,1.64,20.71,2.33
Waratahs,Jaguares,15,23,1.63,21.19,2.33
Crusaders,Blues,19,11,1.13,30.36,6.02
Sunwolves,Rebels,7,52,2.87,23.53,1.43
Brumbies,Bulls,22,10,1.4,22.43,3.02
Chiefs,Reds,19,13,1.21,27.1,4.45
Stormers,Crusaders,19,19,4.63,28.93,1.19
Lions,Highlanders,38,29,1.85,20.63,2
Reds,Waratahs,32,40,2.04,20.8,1.82
Blues,Chiefs,23,8,1.47,22.34,2.76
Rebels,Bulls,17,32,1.46,22.67,2.77
Hurricanes,Jaguares,20,28,1.2,28.28,4.69
Brumbies,Sunwolves,33,0,1.1,34.98,6.98
Lions,Waratahs,29,28,1.31,24.51,3.5
Chiefs,Sharks,29,23,1.51,22.41,2.64
Highlanders,Jaguares,32,27,1.17,31.56,5.04
Bulls,Crusaders,13,45,4.34,25.16,1.22
Rebels,Reds,30,24,1.29,24.11,3.73
Blues,Hurricanes,12,22,2.89,22.99,1.43
Jaguares,Stormers,30,25,1.49,21.39,2.69
Bulls,Waratahs,28,21,1.28,25.23,3.65
Brumbies,Blues,26,21,1.8,19.87,2.06
Highlanders,Chiefs,31,31,1.23,26.59,4.16
Hurricanes,Rebels,29,19,1.23,26.55,4.28
Reds,Sunwolves,32,26,1.23,24.92,4.21
Crusaders,Sharks,21,21,1.05,41.78,8.85
Jaguares,Brumbies,20,15,1.44,22.96,2.86
Stormers,Bulls,24,23,1.63,20.56,2.34
Waratahs,Sharks,15,23,1.51,23.41,2.63
Hurricanes,Chiefs,47,19,1.24,28.14,4.13
Sunwolves,Highlanders,0,52,3.52,25.49,1.31
Crusaders,Lions,36,10,1.06,40.69,8.66
Stormers,Brumbies,17,19,1.39,23.03,3.02
Waratahs,Rebels,23,20,1.87,20.08,1.97
Highlanders,Blues,24,12,1.63,22.29,2.32
Sharks,Reds,14,21,1.21,26.88,4.37
Sunwolves,Hurricanes,23,29,5.29,31.67,1.15
Chiefs,Lions,17,23,1.4,23.88,2.99
Bulls,Reds,32,17,1.21,29.41,4.33
Sharks,Jaguares,17,51,1.34,24.71,3.27
Brumbies,Lions,31,20,1.52,23.01,2.55
Chiefs,Blues,33,29,1.46,22.95,2.72
Rebels,Stormers,24,41,1.23,26.54,4.12
Crusaders,Highlanders,43,17,1.11,31.81,6.23
Bulls,Jaguares,20,22,1.5,21.93,2.65
Rebels,Sunwolves,42,15,1.15,31.12,5.21
Blues,Waratahs,32,29,1.33,23.88,3.37
Crusaders,Brumbies,36,14,1.04,42.49,10.25
Lions,Sharks,5,42,1.39,22.71,2.99
Reds,Stormers,24,12,1.91,22.06,1.92
Highlanders,Hurricanes,28,31,2.28,21.56,1.64
Jaguares,Chiefs,27,30,2.16,21.8,1.71
Sharks,Bulls,16,19,1.57,20.6,2.47
Reds,Rebels,13,32,2.07,20.94,1.77
Blues,Stormers,24,9,1.5,21.73,2.66
Waratahs,Sunwolves,29,31,1.11,34.43,6.35
Hurricanes,Crusaders,8,32,2.27,21.33,1.65
Reds,Brumbies,36,14,2.06,21.35,1.79
Sharks,Rebels,28,14,1.27,24.31,3.86
Bulls,Chiefs,20,56,1.36,23.23,3.2
Sunwolves,Lions,24,37,3.17,24.17,1.37
Waratahs,Crusaders,20,12,4.33,26.12,1.23
Hurricanes,Stormers,34,28,1.18,27.63,4.98
Blues,Highlanders,33,26,2.29,23.18,1.65
Lions,Rebels,36,33,1.33,22.96,3.37
Sunwolves,Reds,31,34,1.56,21.27,2.48
Stormers,Jaguares,35,8,1.29,23.03,3.64
Brumbies,Waratahs,19,13,2.04,21.62,1.81
Chiefs,Hurricanes,23,23,3.16,22.21,1.37
Bulls,Sharks,37,14,1.49,21.91,2.69
Lions,Jaguares,47,39,1.36,23.1,3.22
Waratahs,Reds,28,17,1.25,25.31,3.9
Blues,Sunwolves,28,20,1.12,33.08,6.02
Crusaders,Chiefs,57,28,1.17,28.4,4.95
Rebels,Brumbies,29,26,1.6,21.16,2.38
Hurricanes,Highlanders,25,22,1.26,25.28,3.94
Jaguares,Blues,23,19,1.65,21.86,2.3
Sharks,Stormers,11,16,1.36,22.34,3.22
Lions,Bulls,12,30,1.35,23.07,3.27
Reds,Crusaders,12,22,5.35,29.78,1.15
Chiefs,Sunwolves,15,30,1.02,48.53,12.74
Rebels,Highlanders,24,19,1.68,22.51,2.23
Hurricanes,Brumbies,43,13,1.19,27.69,4.73
Jaguares,Bulls,27,12,1.96,21.21,1.86
Stormers,Lions,19,17,2.51,22.51,1.55
Sharks,Blues,26,7,1.84,21.62,1.99
Brumbies,Chiefs,54,17,3.28,23.69,1.35
Crusaders,Hurricanes,38,22,1.24,27.2,4.09
Sunwolves,Waratahs,30,31,8.04,45.63,1.07
Highlanders,Reds,36,31,1.06,41.96,8.02
Jaguares,Lions,16,25,2.08,20.39,1.78
Bulls,Stormers,40,3,1.6,20.91,2.37
Sunwolves,Sharks,10,45,3.95,25.88,1.25
Waratahs,Hurricanes,19,20,3,22.73,1.4
Blues,Crusaders,22,24,3.22,22.48,1.36
Brumbies,Rebels,27,34,1.5,22.34,2.65
Chiefs,Highlanders,27,30,1.99,21.19,1.87
Crusaders,Lions,37,18,1.1,35.98,7.2
Lions,Waratahs,44,26,1.23,28.87,4.22
Crusaders,Hurricanes,30,12,1.29,23.42,3.62
Lions,Jaguares,40,23,1.25,25.32,3.95
Waratahs,Highlanders,30,23,2.29,21.05,1.65
Crusaders,Sharks,40,10,1.04,47.5,9.83
Hurricanes,Chiefs,32,31,1.52,21.1,2.61
Sharks,Jaguares,20,10,1.31,21.96,3.55
Lions,Bulls,38,12,1.13,31.95,6
Waratahs,Brumbies,31,40,1.38,22.12,3.22
Crusaders,Blues,54,17,1.1,37.22,7.16
Highlanders,Rebels,43,37,1.2,30.7,4.56
Reds,Sunwolves,48,27,1.25,26.56,4.09
Chiefs,Hurricanes,28,24,2.75,20.31,1.48
Stormers,Sharks,27,16,1.82,20.22,2.01
Bulls,Jaguares,43,34,1.82,20.73,2.01
Waratahs,Sunwolves,77,25,1.1,34.47,6.59
Hurricanes,Blues,42,24,1.15,30.55,5.19
Chiefs,Brumbies,24,19,1.14,31.36,5.42
Reds,Rebels,37,23,2.47,20.49,1.56
Crusaders,Highlanders,45,22,1.25,23.92,3.93
Jaguares,Stormers,25,14,1.36,23.5,3.26
Sharks,Lions,31,24,2.24,20.65,1.74
Sunwolves,Bulls,42,37,3.42,25.98,1.33
Brumbies,Hurricanes,24,12,3.97,28.19,1.26
Highlanders,Chiefs,22,45,1.57,22.7,2.48
Rebels,Waratahs,26,31,2.28,20.81,1.68
Blues,Reds,39,16,1.26,27.96,3.98
Brumbies,Sunwolves,41,31,1.01,47.68,15.67
Reds,Waratahs,41,52,2.93,24.16,1.42
Chiefs,Crusaders,20,34,2.6,22.52,1.53
Blues,Rebels,10,20,1.36,24.1,3.27
Highlanders,Hurricanes,30,14,2.42,22.72,1.59
Stormers,Lions,23,26,2.4,21.69,1.61
Bulls,Brumbies,28,38,1.26,25.64,3.9
Reds,Highlanders,15,18,3.67,24.95,1.29
Chiefs,Waratahs,39,27,1.27,25.43,3.89
Jaguares,Sharks,29,13,1.48,24.13,2.75
Rebels,Sunwolves,40,13,1.09,38.57,7.82
Crusaders,Hurricanes,24,13,1.82,20.97,2.03
Jaguares,Bulls,54,24,1.42,22.55,2.97
Lions,Brumbies,42,24,1.15,32.84,5.57
Sharks,Chiefs,28,24,1.32,23.31,3.55
Waratahs,Highlanders,41,12,2.79,22.16,1.47
Blues,Crusaders,24,32,4.2,27.49,1.24
Sunwolves,Stormers,26,23,3.9,28.53,1.26
Hurricanes,Reds,38,34,1.02,49.57,15.91
Bulls,Sharks,39,33,1.61,21.29,2.42
Stormers,Chiefs,9,15,1.96,21.63,1.89
Brumbies,Rebels,24,27,1.45,21.94,2.86
Highlanders,Lions,39,27,1.34,24.06,3.4
Crusaders,Waratahs,31,29,1.06,44.07,8.88
Sunwolves,Reds,63,28,3.09,22.98,1.4
Blues,Hurricanes,15,36,3.72,23.99,1.29
Sharks,Highlanders,38,12,2.65,21.76,1.52
Stormers,Bulls,29,17,1.67,21.31,2.26
Waratahs,Blues,21,24,1.47,22.45,2.8
Hurricanes,Lions,28,19,1.16,31.01,5.47
Rebels,Crusaders,10,55,6.19,34.47,1.12
Chiefs,Jaguares,19,23,1.15,32.01,5.76
Bulls,Highlanders,28,29,2.47,21.54,1.58
Brumbies,Crusaders,8,21,6.55,39.98,1.11
Blues,Jaguares,13,20,1.37,23.17,3.23
Reds,Lions,27,22,5.06,32.55,1.17
Stormers,Rebels,34,18,1.19,32.13,4.69
Hurricanes,Sunwolves,43,15,1,56.67,31.58
Brumbies,Jaguares,20,25,1.41,22.9,2.97
Sharks,Stormers,24,17,1.65,21.67,2.3
Bulls,Rebels,28,10,1.18,32.03,4.84
Reds,Chiefs,12,36,5.17,30.77,1.17
Crusaders,Sunwolves,33,11,1.01,60.67,26.33
Waratahs,Lions,0,29,1.81,21.16,2.05
Blues,Highlanders,16,34,3.27,24.63,1.35
Sharks,Bulls,10,40,1.4,22.84,3.07
Waratahs,Reds,37,16,1.27,25.85,3.9
Highlanders,Brumbies,43,17,1.09,44.04,7.03
Rebels,Jaguares,22,25,1.22,30.89,4.4
Sunwolves,Blues,10,24,6.96,44.31,1.09
Hurricanes,Chiefs,25,13,1.28,26.72,3.7
Jaguares,Crusaders,14,40,5.13,32.59,1.17
Lions,Stormers,52,31,1.38,25.16,3.19
Brumbies,Reds,45,21,1.56,21.26,2.53
Chiefs,Blues,21,19,1.28,25.77,3.85
Sunwolves,Waratahs,29,50,6.53,35.38,1.12
Hurricanes,Sharks,38,37,1.05,48.26,9.77
Lions,Crusaders,8,14,3,24.67,1.41
Bulls,Stormers,33,23,2.11,22.24,1.78
Brumbies,Waratahs,17,24,2.04,20.23,1.84
Blues,Sharks,40,63,1.18,29.93,4.95
Rebels,Hurricanes,19,50,4.39,28.41,1.22
Chiefs,Highlanders,27,22,1.78,21.68,2.1
Jaguares,Lions,49,35,3.05,26.65,1.4
Stormers,Reds,25,19,1.2,31.31,4.72
Hurricanes,Highlanders,29,12,1.45,22.68,2.92
Sunwolves,Chiefs,10,61,8.9,57.29,1.06
Rebels,Sharks,46,14,1.48,23.39,2.76
Crusaders,Bulls,33,14,1.06,44.92,9.38
Waratahs,Rebels,51,27,1.72,21.57,2.2
Jaguares,Reds,7,18,1.28,24.35,3.8
Lions,Sunwolves,40,38,1.01,52.25,22.09
Stormers,Blues,37,20,2.41,21.04,1.62
Brumbies,Sharks,24,17,2.07,20,1.82
Highlanders,Crusaders,25,17,1.69,20.07,2.26
Chiefs,Bulls,41,28,1.1,35.84,7.29
Jaguares,Waratahs,38,28,2.22,21.8,1.71
Lions,Blues,35,38,1.24,27.47,4.3
Sharks,Sunwolves,50,22,1.02,53.92,13.14
Reds,Bulls,20,14,1.71,20.76,2.23
Hurricanes,Crusaders,29,19,1.7,20.76,2.25
Rebels,Brumbies,33,10,1.62,21.43,2.42
Highlanders,Stormers,33,15,1.11,38.22,6.78
Jaguares,Hurricanes,9,34,5.44,31.98,1.16
Bulls,Lions,35,49,3.28,24.98,1.36
Sharks,Waratahs,24,24,1.31,24.05,3.62
Crusaders,Stormers,45,28,1.08,40.74,7.76
Sunwolves,Rebels,17,37,3.09,24.9,1.4
Reds,Brumbies,18,10,2.92,23.06,1.44
Blues,Chiefs,21,27,1.6,21.82,2.44
Bulls,Hurricanes,21,19,5.85,31.18,1.14
Lions,Jaguares,47,27,1.11,34.29,6.72
Waratahs,Stormers,34,27,1.44,23.54,2.91
Crusaders,Chiefs,45,23,1.31,23.74,3.61
Sunwolves,Brumbies,25,32,6.87,33.68,1.11
Rebels,Reds,45,19,1.43,23.91,2.91
Highlanders,Blues,41,34,1.35,23.67,3.33
Lions,Sharks,26,19,1.31,25.09,3.63
Stormers,Jaguares,28,20,1.33,25.37,3.4
Lions,Crusaders,17,25,2.03,21.46,1.85
Lions,Hurricanes,44,29,2.43,23.98,1.58
Crusaders,Chiefs,27,13,1.26,25.1,3.9
Stormers,Chiefs,11,17,2.37,22.76,1.62
Lions,Sharks,23,21,1.11,34.38,6.71
Crusaders,Highlanders,17,0,1.39,21.56,3.1
Brumbies,Hurricanes,16,35,5.6,29.56,1.15
Sharks,Lions,10,27,4.23,27.21,1.23
Bulls,Stormers,33,41,2.49,23.41,1.56
Force,Waratahs,40,11,1.94,21.09,1.9
Hurricanes,Crusaders,31,22,1.66,21.71,2.28
Chiefs,Brumbies,28,10,1.06,41.11,8.34
Sunwolves,Blues,48,21,15.52,49.58,1.02
Kings,Cheetahs,20,21,1.54,23.39,2.52
Rebels,Jaguares,29,32,2.84,26.2,1.43
Highlanders,Reds,40,17,1.04,48.96,9.91
Stormers,Sunwolves,52,15,1.01,57.07,19.98
Bulls,Kings,30,31,1.26,27.66,3.94
Waratahs,Jaguares,27,40,1.19,27.84,4.8
Force,Rebels,31,22,1.31,25.74,3.48
Reds,Brumbies,16,15,3.21,24.15,1.36
Lions,Sunwolves,94,7,1.01,47.19,20.74
Cheetahs,Stormers,34,40,2.93,24.18,1.42
Jaguares,Kings,30,31,1.21,28.37,4.48
Sharks,Bulls,17,30,1.22,27.33,4.33
Hurricanes,Chiefs,14,17,1.33,24.44,3.45
Force,Hurricanes,12,34,8.82,41.53,1.06
Brumbies,Rebels,32,3,1.11,33.66,6.56
Chiefs,Waratahs,46,31,1.11,34.65,6.33
Crusaders,Highlanders,25,22,1.36,24.53,3.21
Blues,Reds,34,29,1.13,32.46,5.83
Lions,Kings,54,10,1.03,53.84,11.83
Jaguares,Brumbies,15,39,1.57,21.87,2.46
Sharks,Stormers,22,10,1.77,21.57,2.11
Bulls,Hurricanes,20,34,7.39,39,1.08
Rebels,Crusaders,19,41,11.25,49.57,1.03
Highlanders,Waratahs,44,28,1.09,37.1,7.01
Sunwolves,Cheetahs,7,47,2.12,22.4,1.75
Reds,Force,26,40,1.33,25.69,3.36
Blues,Chiefs,16,16,2.67,22.64,1.5
Waratahs,Rebels,50,23,1.15,31.27,5.44
Kings,Brumbies,10,19,2.66,23,1.49
Lions,Bulls,51,14,1.12,33.2,6.24
Sunwolves,Sharks,17,38,4.59,29.77,1.2
Force,Highlanders,6,55,4.78,27.69,1.19
Hurricanes,Cheetahs,61,7,1.02,55.33,13.7
Stormers,Blues,30,22,1.95,22.85,1.89
Chiefs,Crusaders,24,31,2.21,22.56,1.7
Jaguares,Force,6,16,1.13,32.84,5.88
Kings,Sharks,35,32,4.85,30.31,1.18
Bulls,Highlanders,10,17,4.92,27.91,1.18
Rebels,Reds,24,29,2.42,22.56,1.59
Crusaders,Hurricanes,20,12,1.85,22.07,2
Brumbies,Lions,6,13,2.41,22.09,1.6
Blues,Cheetahs,50,32,1.07,42.42,8.24
Jaguares,Sunwolves,46,39,1.04,47.25,9.82
Bulls,Crusaders,24,62,4.65,29.24,1.19
Sharks,Force,37,12,1.13,32.58,5.82
Waratahs,Blues,33,40,2.83,23.1,1.45
Chiefs,Reds,46,17,1.05,44.33,10.13
Rebels,Lions,10,47,5.64,30.82,1.14
Cheetahs,Highlanders,41,45,5.58,30.66,1.14
Hurricanes,Stormers,41,22,1.03,53.37,11.14
Brumbies,Blues,12,18,2.43,21.89,1.58
Jaguares,Sharks,25,33,1.32,23.64,3.45
Kings,Rebels,44,3,2.09,21.61,1.77
Cheetahs,Crusaders,21,48,5.87,34.48,1.12
Force,Lions,15,24,4.25,25.68,1.23
Reds,Waratahs,26,29,1.76,20.73,2.11
Chiefs,Sunwolves,27,20,1.01,59,21.71
Highlanders,Stormers,57,14,1.19,28.43,4.86
Sharks,Rebels,9,9,1.1,33.98,7.03
Bulls,Cheetahs,20,14,1.36,24.28,3.22
Force,Chiefs,7,16,5.91,34.12,1.13
Crusaders,Stormers,57,24,1.14,33.33,5.62
Highlanders,Sunwolves,40,15,1,72,42.75
Lions,Jaguares,24,21,1.1,34.05,6.66
Waratahs,Kings,24,26,1.04,48.35,10.25
Hurricanes,Brumbies,56,21,1.09,34.21,7.18
Bulls,Jaguares,26,13,1.71,21.64,2.18
Stormers,Lions,16,29,1.68,21.2,2.23
Cheetahs,Chiefs,27,41,5.94,33.21,1.13
Rebels,Brumbies,19,17,3.62,24.57,1.29
Blues,Hurricanes,24,28,2.93,24.52,1.42
Reds,Kings,47,34,1.13,33.94,5.94
Crusaders,Sunwolves,50,3,1.01,56.5,22.75
Force,Kings,46,41,1.11,34.01,6.75
Stormers,Chiefs,34,26,2.48,22.91,1.56
Sharks,Jaguares,18,13,1.37,22.94,3.22
Brumbies,Reds,43,10,1.31,23.3,3.62
Highlanders,Blues,26,20,1.44,22.34,2.92
Sunwolves,Bulls,21,20,5.13,27.82,1.17
Hurricanes,Waratahs,38,28,1.07,35.78,8.06
Waratahs,Crusaders,22,41,3.77,24.7,1.27
Lions,Sharks,34,29,1.23,24.9,4.22
Stormers,Cheetahs,53,10,1.2,25.94,4.57
Reds,Hurricanes,15,34,6.73,34.36,1.11
Chiefs,Bulls,28,12,1.06,39.65,9.39
Blues,Force,24,15,1.07,38.59,8.32
Highlanders,Rebels,51,12,1.04,42.39,10.36
Jaguares,Reds,22,8,1.12,31.6,6.44
Cheetahs,Sharks,30,38,2.08,21.04,1.8
Kings,Lions,19,42,12.41,47.91,1.02
Sunwolves,Stormers,31,44,7.49,38.1,1.08
Brumbies,Highlanders,13,18,2.19,21.74,1.71
Blues,Bulls,38,14,1.19,26.71,4.92
Rebels,Waratahs,25,32,2.76,23.18,1.47
Crusaders,Force,45,17,1.06,38.09,8.8
Jaguares,Cheetahs,41,14,1.19,26.46,4.78
Sharks,Kings,19,17,1.02,44.4,15.97
Lions,Reds,44,14,1.16,28.92,5.32
Waratahs,Brumbies,12,28,1.56,20.68,2.5
Hurricanes,Highlanders,41,15,1.25,25.31,4.05
Bulls,Sunwolves,34,21,1.01,46.95,19.29
Rebels,Chiefs,14,27,8.33,36.09,1.07
Crusaders,Blues,33,24,1.53,22.42,2.57
Jaguares,Lions,36,24,1.53,21.93,2.58
Sharks,Waratahs,37,14,1.49,21.85,2.7
Cheetahs,Sunwolves,38,31,1.01,49.82,16.69
Kings,Stormers,10,41,9,44.47,1.06
Reds,Crusaders,20,22,3.45,23.05,1.33
Blues,Highlanders,12,16,1.66,21.45,2.29
Brumbies,Force,25,17,1.38,23.84,3.16
Chiefs,Hurricanes,26,18,1.97,19.71,1.88
Cheetahs,Bulls,34,28,2.15,22.61,1.73
Stormers,Jaguares,32,25,1.25,26,4
Lions,Waratahs,55,36,1.27,23.92,3.91
Sunwolves,Kings,23,37,2.1,22.5,1.77
Brumbies,Sharks,22,27,1.56,20.73,2.52
Highlanders,Crusaders,27,30,1.54,21.71,2.55
Hurricanes,Rebels,71,6,1.03,40.9,12.47
Chiefs,Blues,41,26,1.39,23.85,3.13
Force,Reds,26,19,2.54,21.87,1.54
Stormers,Bulls,37,24,1.5,21.58,2.67
Kings,Jaguares,26,39,4.95,28.27,1.18
Cheetahs,Lions,25,28,3.86,24.13,1.27
Waratahs,Force,19,13,1.19,29.16,4.79
Crusaders,Brumbies,17,13,1.11,32.63,6.54
Sunwolves,Hurricanes,17,83,14.32,45.4,1.02
Reds,Sharks,28,26,1.49,22.46,2.71
Highlanders,Chiefs,15,24,1.6,22.15,2.39
Rebels,Blues,18,56,2.69,22.97,1.5
Hurricanes,Lions,20,3,1.32,21.94,3.55
Lions,Highlanders,42,30,1.83,20.85,2.02
Hurricanes,Chiefs,25,9,1.57,21.57,2.47
Stormers,Chiefs,21,60,2.4,20.71,1.6
Lions,Crusaders,42,25,1.81,20.86,2.04
Hurricanes,Sharks,41,0,1.12,29.42,6.2
Brumbies,Highlanders,9,15,2.83,21.14,1.45
Jaguares,Lions,34,22,1.23,25.5,4.32
Cheetahs,Bulls,17,43,2.28,21.24,1.66
Stormers,Kings,52,24,1.01,38.75,16
Brumbies,Force,24,10,1.05,36.31,9.56
Highlanders,Chiefs,25,15,1.65,20.6,2.3
Crusaders,Hurricanes,10,35,1.44,21.89,2.88
Sharks,Sunwolves,40,29,1.01,38.7,20.45
Reds,Rebels,28,31,1.81,21.09,2.04
Blues,Waratahs,34,28,1.69,21.61,2.22
Jaguares,Highlanders,8,34,4.41,23.22,1.22
Sharks,Cheetahs,26,10,1.23,24.26,4.38
Bulls,Sunwolves,50,3,1.01,57.45,13.65
Force,Stormers,3,22,4.45,23.89,1.22
Waratahs,Hurricanes,17,28,1.73,20.35,2.16
Crusaders,Rebels,85,26,1.04,45.45,10.18
Lions,Kings,57,21,1.01,47.03,21.29
Reds,Chiefs,5,50,5.52,28.25,1.15
Blues,Brumbies,40,15,2.34,20.61,1.63
Jaguares,Bulls,29,11,1.59,20.59,2.42
Lions,Sharks,37,10,1.37,22.27,3.21
Kings,Highlanders,18,48,13.08,37.55,1.02
Cheetahs,Force,30,29,1.36,24.12,3.2
Rebels,Stormers,31,57,2.13,20.78,1.75
Hurricanes,Blues,37,27,1.17,26.62,5.14
Sunwolves,Waratahs,12,57,10.52,46.3,1.04
Brumbies,Reds,43,24,1.14,29.88,5.68
Chiefs,Crusaders,23,13,2.45,20.44,1.58
Rebels,Force,27,22,1.21,25.7,4.56
Bulls,Lions,20,56,1.76,20.72,2.11
Stormers,Cheetahs,31,24,1.17,27.45,5.24
Brumbies,Sunwolves,66,5,1.01,54.97,14.15
Blues,Crusaders,21,26,4.35,24.13,1.23
Kings,Jaguares,29,22,8.17,37.89,1.07
Waratahs,Chiefs,45,25,2.39,20.87,1.61
Hurricanes,Highlanders,27,20,2,20.38,1.87
Bulls,Stormers,17,13,2.34,20.45,1.63
Sharks,Kings,53,0,1.01,46.11,14.92
Lions,Jaguares,52,24,1.18,28.63,4.9
Force,Blues,13,17,2.42,21.74,1.59
Chiefs,Rebels,36,15,1.12,31.46,6.2
Reds,Sunwolves,35,25,1.12,33.58,6.24
Crusaders,Waratahs,29,10,1.18,26.81,5.07
Jaguares,Sharks,22,25,1.96,20.69,1.89
Lions,Blues,43,5,1.42,21.66,2.97
Cheetahs,Kings,34,20,1.04,50.65,10.69
Sunwolves,Stormers,17,17,10.45,46.57,1.04
Waratahs,Bulls,31,8,1.34,21.78,3.39
Hurricanes,Reds,29,14,1.14,29.4,5.99
Rebels,Brumbies,22,30,2.62,21.41,1.52
Highlanders,Crusaders,34,26,1.91,20.33,1.94
Kings,Blues,18,34,9.8,47.56,1.05
Sharks,Hurricanes,32,15,2.54,21.27,1.55
Waratahs,Cheetahs,21,6,1.14,30.32,5.64
Chiefs,Highlanders,13,26,1.47,22.38,2.75
Sunwolves,Force,22,40,2.59,22.15,1.52
Brumbies,Bulls,23,6,1.38,24.65,3.11
Crusaders,Reds,38,5,1.07,41.25,7.91
Jaguares,Kings,73,27,1.04,48.97,9.99
Stormers,Waratahs,30,32,1.43,22.56,2.91
Lions,Hurricanes,17,50,1.97,21.94,1.88
Reds,Cheetahs,30,17,1.44,23.4,2.84
Highlanders,Brumbies,23,10,1.34,23.34,3.38
Blues,Rebels,36,30,1.34,24.31,3.3
Force,Bulls,20,42,2.97,23.53,1.41
Chiefs,Sharks,24,22,1.15,31.01,5.47
Brumbies,Crusaders,14,40,1.72,20.68,2.18
Kings,Lions,10,45,11.24,48.46,1.03
Stormers,Reds,40,22,1.16,30.38,5.22
Force,Waratahs,13,49,2.61,21.55,1.52
Hurricanes,Chiefs,27,28,1.65,20.68,2.3
Sunwolves,Jaguares,36,28,6.37,35.46,1.11
Rebels,Cheetahs,36,14,1.5,22.9,2.67
Highlanders,Sharks,14,15,1.19,27.65,4.67
Lions,Stormers,29,22,1.57,20.58,2.5
Bulls,Reds,41,22,1.28,25.01,3.75
Waratahs,Brumbies,20,26,2.07,20.87,1.8
Blues,Sharks,23,18,1.42,22.41,2.97
Cheetahs,Sunwolves,92,17,1.14,33.95,5.71
Rebels,Hurricanes,13,38,2.45,21.64,1.58
Crusaders,Jaguares,32,15,1.16,30.39,5.28
Kings,Bulls,6,38,5.41,31.46,1.15
Sharks,Lions,9,24,1.62,21.25,2.36
Reds,Highlanders,28,27,3.3,25.02,1.34
Hurricanes,Jaguares,40,22,1.18,28.77,4.89
Stormers,Sunwolves,46,19,1.02,48.63,14.69
Force,Crusaders,19,20,3.99,26.34,1.25
Chiefs,Blues,29,23,1.17,28.69,5.07
Waratahs,Rebels,17,21,1.33,24.65,3.35
Bulls,Cheetahs,23,18,1.3,25.86,3.58
Kings,Sunwolves,33,28,1.64,21.94,2.32
Brumbies,Chiefs,23,48,1.48,22.03,2.71
Blues,Jaguares,24,16,1.3,25.56,3.57
Lions,Crusaders,37,43,2.06,21.59,1.79
Highlanders,Force,32,20,1.07,38.64,8.26
Reds,Waratahs,13,15,3.31,24.24,1.34
Jaguares,Stormers,8,13,1.64,20.77,2.32
Sharks,Crusaders,14,19,1.69,20.71,2.25
Cheetahs,Brumbies,18,25,4.46,27.49,1.21
Sunwolves,Bulls,27,30,5.75,32.71,1.13
Rebels,Highlanders,3,27,3.01,23.85,1.41
Chiefs,Force,53,10,1.11,32.86,6.49
Hurricanes,Kings,42,20,1.01,39.34,18.22
Jaguares,Chiefs,26,30,1.57,21.46,2.5
Stormers,Brumbies,31,11,2.14,18.91,1.76
Lions,Cheetahs,39,22,1.22,27.97,4.32
Reds,Blues,25,25,3.07,22.04,1.4
Crusaders,Kings,57,24,1.01,42.14,18.09
Sunwolves,Rebels,9,35,2.81,23.68,1.47
Bulls,Sharks,16,16,2.06,20.43,1.81
Waratahs,Highlanders,26,30,1.62,20.87,2.37
Hurricanes,Force,41,6,1.14,30.65,5.55
Stormers,Sharks,13,18,1.48,21.72,2.74
Kings,Chiefs,24,58,8.32,40.43,1.07
Rebels,Reds,25,23,2.68,23.02,1.5
Sunwolves,Cheetahs,31,32,1.33,25.28,3.39
Highlanders,Lions,34,15,1.28,26.9,3.78
Force,Brumbies,14,31,4.84,28.99,1.19
Blues,Hurricanes,19,23,1.77,21.16,2.1
Sharks,Jaguares,19,15,1.58,22.51,2.43
Cheetahs,Stormers,10,20,3.12,23.77,1.38
Bulls,Rebels,45,25,1.49,23.78,2.69
Reds,Force,6,22,1.63,21.52,2.35
Highlanders,Hurricanes,17,16,1.47,22.36,2.78
Chiefs,Lions,32,36,1.17,31.91,4.96
Brumbies,Waratahs,32,15,1.36,24.55,3.26
Crusaders,Blues,28,13,1.53,23.05,2.56
Stormers,Bulls,33,9,1.37,22.81,3.18
Kings,Sharks,8,43,5.08,29.86,1.17
Force,Rebels,19,25,1.82,19.79,2.05
Waratahs,Reds,30,10,1.13,30.51,5.84
Crusaders,Chiefs,21,27,1.75,20.23,2.13
Sunwolves,Lions,13,26,5.14,31.62,1.16
Cheetahs,Jaguares,33,34,3.35,24.35,1.33
Brumbies,Hurricanes,52,10,1.51,21.55,2.6
Blues,Highlanders,33,31,2.25,21.09,1.68
Hurricanes,Highlanders,14,21,1.38,21.7,3.14
Waratahs,Highlanders,17,35,1.55,20.35,2.54
Hurricanes,Brumbies,29,9,1.27,23.31,3.92
Stormers,Brumbies,19,39,1.66,19.99,2.28
Highlanders,Chiefs,24,14,1.55,20.26,2.53
Sharks,Stormers,34,12,1.27,22.45,3.8
Bulls,Cheetahs,29,42,1.1,31.15,6.4
Waratahs,Reds,31,5,1.14,26.89,5.61
Chiefs,Hurricanes,13,21,1.46,21.39,2.77
Brumbies,Crusaders,24,37,1.54,20.79,2.49
Rebels,Force,11,13,1.24,25.24,4.03
Blues,Highlanders,7,44,4.36,25.8,1.21
Stormers,Lions,19,19,1.34,22.82,3.27
Cheetahs,Waratahs,33,58,4.45,24.39,1.21
Reds,Chiefs,3,24,2.46,21.18,1.56
Blues,Crusaders,11,34,4.46,24.75,1.2
Rebels,Bulls,21,20,1.77,20.39,2.08
Force,Brumbies,20,33,3.69,23.08,1.29
Hurricanes,Highlanders,56,20,1.26,24.36,3.9
Lions,Waratahs,27,22,2.13,20.52,1.74
Stormers,Cheetahs,42,12,1.13,31.06,5.91
Force,Reds,10,32,1.65,20.43,2.3
Highlanders,Chiefs,36,9,1.61,20.5,2.4
Sharks,Rebels,25,21,1.35,24.2,3.27
Brumbies,Bulls,22,16,1.32,23.51,3.46
Crusaders,Hurricanes,35,18,2.4,20.09,1.6
Stormers,Rebels,31,15,1.2,26.99,4.64
Cheetahs,Lions,17,40,2.25,20.63,1.68
Force,Highlanders,3,23,2.72,21.82,1.49
Waratahs,Crusaders,32,22,1.67,20.36,2.27
Blues,Hurricanes,5,29,2.89,21.95,1.43
Reds,Sharks,14,21,1.79,20.32,2.06
Chiefs,Bulls,34,20,1.39,22.48,3.1
Cheetahs,Highlanders,24,45,2.65,21.89,1.5
Lions,Brumbies,20,30,2.08,20.57,1.77
Waratahs,Sharks,33,18,1.24,24.03,4.09
Hurricanes,Chiefs,22,18,1.38,21.37,3.14
Reds,Rebels,46,29,2.33,20.21,1.63
Blues,Bulls,23,18,2.13,19.67,1.73
Stormers,Brumbies,25,24,1.59,20.63,2.43
Lions,Highlanders,28,23,2.01,20,1.83
Force,Waratahs,18,11,3.59,22.93,1.3
Hurricanes,Sharks,32,24,1.2,25.93,4.59
Rebels,Blues,42,22,1.58,21.49,2.45
Crusaders,Reds,58,17,1.09,34.57,7.52
Bulls,Lions,35,33,1.31,21.95,3.6
Cheetahs,Stormers,25,17,3.07,21.47,1.39
Rebels,Chiefs,16,15,2.84,21.6,1.44
Hurricanes,Crusaders,29,23,1.52,20.62,2.6
Blues,Force,41,24,1.29,22.46,3.73
Brumbies,Waratahs,10,13,1.79,19.75,2.08
Highlanders,Sharks,48,15,1.32,22.26,3.5
Reds,Hurricanes,19,35,3.35,22.28,1.33
Stormers,Bulls,15,13,1.64,20.17,2.31
Lions,Cheetahs,34,29,1.27,23.87,3.84
Waratahs,Rebels,18,16,1.21,26.94,4.39
Crusaders,Blues,29,15,1.26,24.33,3.88
Brumbies,Highlanders,31,18,1.35,22.51,3.3
Chiefs,Force,35,27,1.11,30.55,6.61
Cheetahs,Reds,17,18,1.39,22.04,3.08
Sharks,Bulls,10,17,1.91,19.97,1.92
Force,Stormers,6,13,2.83,20.97,1.44
Brumbies,Rebels,8,13,1.25,24.76,4.01
Highlanders,Blues,30,24,1.38,22.81,3.11
Hurricanes,Waratahs,24,29,1.43,22.2,2.88
Crusaders,Chiefs,9,26,1.66,20.81,2.28
Bulls,Reds,43,22,1.1,30.09,6.46
Lions,Sharks,23,21,1.68,20.76,2.22
Force,Cheetahs,15,24,1.5,21.47,2.61
Waratahs,Stormers,18,32,1.25,23.87,3.95
Crusaders,Highlanders,20,25,1.28,24.02,3.71
Blues,Brumbies,16,14,2.17,20.89,1.71
Lions,Bulls,22,18,2.2,20.26,1.69
Sharks,Crusaders,10,52,1.79,20.18,2.06
Brumbies,Cheetahs,20,3,1.12,30.18,6.13
Chiefs,Blues,23,16,1.21,26.96,4.36
Rebels,Reds,23,15,1.66,20.59,2.26
Hurricanes,Stormers,25,20,1.28,24.51,3.73
Bulls,Crusaders,31,19,2.09,20.08,1.78
Sharks,Force,15,9,1.17,26.6,4.94
Waratahs,Blues,23,11,1.18,26.35,4.8
Highlanders,Stormers,39,21,1.59,20.29,2.4
Chiefs,Cheetahs,37,27,1.06,32.74,8.59
Reds,Lions,17,18,1.35,22.53,3.26
Hurricanes,Rebels,36,12,1.15,28.42,5.5
Waratahs,Brumbies,28,13,1.8,20.52,2.06
Sharks,Chiefs,12,11,1.67,20.74,2.26
Bulls,Force,25,24,1.12,29.27,6.33
Crusaders,Cheetahs,57,14,1.07,34.08,8.57
Rebels,Lions,16,20,1.33,22.54,3.46
Highlanders,Hurricanes,13,20,2.12,20.39,1.76
Cheetahs,Sharks,10,27,2.18,20.28,1.71
Stormers,Chiefs,19,28,1.76,20.5,2.1
Reds,Brumbies,0,29,3.73,23.52,1.28
Highlanders,Waratahs,26,19,2.35,21.32,1.61
Crusaders,Lions,34,6,1.08,31.09,7.58
Force,Rebels,17,21,1.7,20.67,2.19
Hurricanes,Blues,30,23,1.19,25.61,4.88
Stormers,Sharks,29,13,1.64,19.87,2.3
Cheetahs,Bulls,20,39,2.06,20.15,1.79
Reds,Waratahs,5,23,3.12,22.47,1.38
Blues,Lions,10,13,1.17,26.45,5
Brumbies,Force,27,15,1.13,28.08,6.02
Chiefs,Highlanders,17,20,1.19,24.98,4.74
Lions,Stormers,19,22,2.63,21.2,1.51
Bulls,Sharks,43,35,1.85,20.08,2
Rebels,Brumbies,15,20,3.25,22.42,1.36
Chiefs,Crusaders,40,16,1.47,21.18,2.72
Cheetahs,Blues,25,24,1.61,20.69,2.36
Force,Hurricanes,13,42,2.35,20.33,1.63
Highlanders,Reds,20,13,1.33,22.47,3.36
Sharks,Lions,29,12,1.22,24.44,4.26
Stormers,Blues,27,16,1.37,23.08,3.09
Reds,Force,18,6,2.02,18.73,1.84
Highlanders,Crusaders,20,26,2.28,20.14,1.65
Bulls,Hurricanes,13,17,1.51,21.41,2.6
Rebels,Waratahs,28,38,3.15,21.31,1.37
Chiefs,Brumbies,19,17,1.48,21.72,2.69
Waratahs,Force,13,25,1.13,27.61,5.98
Bulls,Stormers,17,29,1.3,22.12,3.57
Sharks,Cheetahs,29,35,1.17,24.87,5.04
Blues,Chiefs,18,23,1.96,20.01,1.88
Lions,Hurricanes,8,22,2.07,19.71,1.78
Brumbies,Reds,47,3,1.29,23.09,3.71
Crusaders,Rebels,10,20,1.14,27.08,5.52
Waratahs,Crusaders,33,32,1.76,20.21,2.09
Waratahs,Brumbies,26,8,1.33,22,3.34
Crusaders,Sharks,38,6,1.29,23.48,3.53
Sharks,Highlanders,31,27,1.13,30.27,5.73
Brumbies,Chiefs,32,30,1.51,20.31,2.55
Stormers,Sharks,10,34,1.77,19.31,2.06
Lions,Cheetahs,60,25,1.72,19.5,2.12
Reds,Waratahs,3,34,3.14,21.85,1.35
Crusaders,Highlanders,34,8,1.18,24.5,4.69
Bulls,Rebels,40,7,1.06,33.19,8.42
Brumbies,Force,47,25,1.26,22.85,3.79
Blues,Chiefs,8,11,1.88,19.33,1.93
Waratahs,Highlanders,44,16,1.24,23.25,3.99
Cheetahs,Sharks,27,20,3.19,22.71,1.34
Stormers,Bulls,16,0,1.62,20.46,2.3
Force,Reds,30,20,1.64,20.21,2.26
Crusaders,Blues,21,13,1.34,21.63,3.27
Lions,Rebels,34,17,1.38,21.62,3.01
Chiefs,Hurricanes,24,16,1.62,19.87,2.28
Force,Blues,14,40,1.69,20.06,2.16
Waratahs,Brumbies,39,8,1.22,23.77,4.23
Hurricanes,Crusaders,16,9,2.05,19.79,1.77
Rebels,Reds,20,36,1.61,20.15,2.33
Highlanders,Chiefs,29,25,2.02,19.52,1.8
Sharks,Stormers,19,21,1.28,22.5,3.63
Lions,Bulls,32,21,3.3,22.15,1.33
Brumbies,Rebels,37,10,1.19,23.88,4.53
Blues,Hurricanes,37,24,2.03,19.37,1.79
Chiefs,Waratahs,17,33,1.64,19.88,2.26
Reds,Highlanders,38,31,2.22,20.13,1.65
Crusaders,Force,30,7,1.13,27.5,5.7
Stormers,Cheetahs,33,0,1.43,21.92,2.81
Force,Lions,29,19,1.2,24.98,4.35
Hurricanes,Chiefs,45,8,1.99,19.29,1.82
Highlanders,Crusaders,30,32,2.5,21.19,1.52
Bulls,Brumbies,44,23,1.59,20.98,2.36
Rebels,Waratahs,19,41,3.02,21.81,1.37
Blues,Sharks,23,29,1.81,19.37,1.99
Waratahs,Lions,41,17,1.07,31.83,7.22
Cheetahs,Brumbies,27,21,2.52,21.56,1.52
Stormers,Force,24,8,1.67,19.6,2.2
Reds,Rebels,27,30,1.59,19.94,2.36
Crusaders,Sharks,25,30,1.25,23.6,3.87
Hurricanes,Highlanders,16,18,1.3,22.63,3.53
Reds,Crusaders,29,57,3.23,22.77,1.34
Bulls,Stormers,28,12,1.33,22.62,3.28
Cheetahs,Force,16,23,1.55,21.21,2.42
Brumbies,Sharks,16,9,1.47,20.71,2.64
Highlanders,Lions,23,22,1.16,25.79,4.85
Rebels,Hurricanes,15,25,2.32,19.83,1.6
Chiefs,Blues,32,20,1.36,22.29,3.05
Bulls,Cheetahs,26,21,1.45,21.27,2.74
Stormers,Highlanders,29,28,1.6,19.77,2.34
Waratahs,Hurricanes,39,30,1.48,22.02,2.62
Chiefs,Lions,38,8,1.09,31.37,6.85
Crusaders,Brumbies,40,20,1.49,21.35,2.56
Rebels,Sharks,16,22,2.36,20.44,1.58
Blues,Reds,44,14,1.34,22.62,3.2
Cheetahs,Stormers,35,22,1.85,19.29,1.97
Force,Bulls,15,9,1.69,20.17,2.15
Hurricanes,Reds,35,21,1.35,22.08,3.17
Sharks,Highlanders,18,34,1.17,24.75,4.73
Brumbies,Chiefs,41,23,1.54,20.71,2.46
Blues,Waratahs,21,13,2,20.21,1.81
Stormers,Lions,18,3,1.34,22.02,3.23
Sharks,Cheetahs,19,8,1.13,26.63,5.73
Waratahs,Bulls,19,12,1.24,23.73,4.03
Chiefs,Crusaders,17,18,1.53,20.98,2.49
Rebels,Force,22,16,1.78,19.02,2.04
Hurricanes,Blues,39,20,1.54,21.48,2.44
Lions,Sharks,12,25,3.47,23.37,1.3
Cheetahs,Crusaders,31,52,2.4,20.65,1.56
Force,Waratahs,28,16,2.43,21.98,1.55
Chiefs,Rebels,22,16,1.15,26.4,5.12
Reds,Brumbies,20,23,2.02,20.08,1.8
Highlanders,Bulls,27,20,1.58,21.48,2.35
Stormers,Waratahs,11,22,1.65,19.29,2.25
Lions,Crusaders,7,28,2.33,21.12,1.59
Cheetahs,Chiefs,43,43,2.89,21.88,1.41
Reds,Force,29,32,1.34,22.42,3.22
Hurricanes,Bulls,25,20,1.5,21.35,2.57
Brumbies,Blues,26,9,1.45,21.12,2.74
Highlanders,Rebels,33,30,1.33,21.81,3.28
Sharks,Waratahs,32,10,1.43,21.81,2.8
Bulls,Chiefs,34,34,1.75,19.23,2.1
Reds,Stormers,22,17,1.59,19.71,2.36
Blues,Highlanders,30,12,1.47,21.79,2.67
Rebels,Brumbies,32,24,3.17,22.54,1.35
Crusaders,Hurricanes,26,29,1.26,24.73,3.75
Bulls,Sharks,23,19,2.25,19.94,1.64
Lions,Reds,23,20,2.26,19.31,1.64
Force,Chiefs,18,15,3.6,23.1,1.28
Brumbies,Stormers,25,15,1.34,22.1,3.24
Blues,Cheetahs,40,30,1.21,24.75,4.28
Waratahs,Rebels,32,8,1.12,26.58,6.09
Highlanders,Hurricanes,35,31,1.7,19.06,2.16
Sharks,Reds,35,20,1.25,23.54,3.86
Lions,Blues,39,36,2.28,19.75,1.63
Brumbies,Waratahs,28,23,1.93,18.71,1.89
Highlanders,Force,29,31,1.26,23.35,3.74
Hurricanes,Cheetahs,60,27,1.38,22.31,2.99
Rebels,Crusaders,19,25,2.93,22.27,1.4
Chiefs,Stormers,36,20,1.29,22.17,3.56
Sharks,Lions,37,23,1.11,28.52,6
Bulls,Blues,38,22,1.62,20.48,2.29
Force,Rebels,32,7,2.31,20.4,1.61
Crusaders,Stormers,14,13,1.2,25.21,4.34
Reds,Cheetahs,43,33,1.27,23.13,3.67
Hurricanes,Brumbies,21,29,1.67,20.17,2.18
Bulls,Lions,25,17,1.38,22.48,3.03
Force,Brumbies,14,27,3.03,21.93,1.38
Waratahs,Reds,32,5,1.48,21.32,2.65
Chiefs,Highlanders,21,19,1.22,23.64,4.25
Stormers,Hurricanes,19,18,1.37,21.93,3.12
Rebels,Cheetahs,35,14,2.17,20.03,1.7
Blues,Crusaders,35,24,2.78,21.98,1.43
Waratahs,Force,43,21,1.16,25.2,5.07
Lions,Stormers,34,10,3.7,22.61,1.27
Sharks,Hurricanes,27,9,1.16,25.11,4.99
Brumbies,Reds,17,27,1.49,20.34,2.64
Highlanders,Blues,29,21,2.13,19.14,1.73
Cheetahs,Bulls,15,9,1.73,18.66,2.1
Crusaders,Chiefs,10,18,1.54,20.36,2.48
Sharks,Bulls,31,16,1.35,21.16,3.15
Cheetahs,Lions,20,21,1.18,25.16,4.71
Lions,Kings,18,23,1.26,23.33,3.82
Chiefs,Brumbies,27,22,1.31,22.35,3.55
Bulls,Brumbies,23,26,1.29,22.56,3.68
Chiefs,Crusaders,20,19,2.46,20.9,1.57
Kings,Lions,19,26,1.82,19,2
Brumbies,Cheetahs,15,13,1.29,22.4,3.68
Crusaders,Reds,38,9,1.2,24.83,4.43
Stormers,Bulls,30,13,2,19,1.83
Sharks,Kings,58,13,1.02,39.94,12.88
Force,Brumbies,21,15,3.94,23.42,1.25
Waratahs,Reds,12,14,1.71,20.02,2.15
Blues,Chiefs,16,26,2.96,22.13,1.4
Rebels,Highlanders,38,37,1.9,19.63,1.92
Crusaders,Hurricanes,25,17,1.09,31.95,7.35
Bulls,Sharks,20,19,1.36,21,3.2
Kings,Stormers,12,24,8.45,31.77,1.06
Cheetahs,Blues,34,13,1.42,21.33,2.87
Hurricanes,Highlanders,44,49,1.27,23.06,3.73
Crusaders,Chiefs,43,15,1.43,21.38,2.84
Stormers,Cheetahs,28,3,1.49,20.5,2.64
Bulls,Kings,48,18,1.04,34.63,11.17
Sharks,Blues,22,20,1.43,20.83,2.87
Highlanders,Crusaders,12,40,3.21,21.75,1.36
Chiefs,Hurricanes,34,22,1.29,23.23,3.61
Force,Waratahs,13,28,1.6,19.79,2.38
Brumbies,Rebels,39,17,1.15,26,5.39
Cheetahs,Bulls,25,30,2.17,19.18,1.7
Stormers,Kings,19,11,1.07,32.98,7.65
Reds,Rebels,33,20,1.26,22.95,3.81
Highlanders,Blues,38,28,2.43,19.73,1.57
Brumbies,Hurricanes,30,23,1.31,22.07,3.43
Crusaders,Waratahs,23,22,1.17,25.25,4.84
Sharks,Bulls,16,18,1.88,19.18,1.94
Stormers,Reds,20,15,1.73,19.58,2.13
Kings,Cheetahs,22,34,3.64,22.68,1.29
Force,Highlanders,19,18,1.59,20.18,2.39
Blues,Brumbies,13,20,1.6,19.35,2.37
Rebels,Waratahs,24,22,2.98,21.48,1.4
Chiefs,Crusaders,28,19,2.27,19.3,1.65
Cheetahs,Reds,27,13,2.01,19.5,1.81
Bulls,Highlanders,35,18,1.09,30.3,6.78
Waratahs,Brumbies,28,22,1.88,19.35,1.93
Crusaders,Blues,23,3,1.27,22.83,3.73
Force,Sharks,13,23,2.17,19.73,1.7
Rebels,Stormers,30,21,3.14,21.63,1.36
Hurricanes,Chiefs,12,17,2.2,20.95,1.68
Kings,Highlanders,34,27,3.72,23.85,1.27
Waratahs,Stormers,21,15,1.81,19.55,2
Blues,Rebels,36,32,1.13,26.25,5.64
Cheetahs,Hurricanes,34,39,1.32,22.83,3.41
Reds,Sharks,32,17,1.36,21.23,3.17
Chiefs,Force,22,21,1.1,30.75,6.48
Brumbies,Crusaders,23,30,1.61,19.5,2.33
Bulls,Hurricanes,48,14,1.26,22.3,3.83
Kings,Waratahs,10,72,3.39,22.11,1.32
Force,Reds,11,11,3.5,21.35,1.3
Highlanders,Sharks,25,22,1.94,19.3,1.88
Rebels,Chiefs,33,39,3.7,22.43,1.28
Blues,Stormers,18,17,1.63,19.1,2.3
Crusaders,Rebels,30,26,1.04,39.67,13
Cheetahs,Kings,26,12,1.11,30.08,6.3
Bulls,Waratahs,30,19,1.26,23.83,3.74
Brumbies,Force,41,7,1.16,25.05,5.02
Chiefs,Sharks,37,29,1.18,25.25,4.82
Reds,Blues,12,11,1.41,21.35,2.93
Hurricanes,Stormers,16,18,1.73,19.48,2.11
Kings,Bulls,0,34,4.04,23.2,1.24
Sharks,Cheetahs,6,12,1.34,21.88,3.27
Reds,Brumbies,19,19,1.66,19.33,2.25
Crusaders,Highlanders,24,8,1.2,24.88,4.45
Waratahs,Chiefs,25,20,2.54,20.93,1.52
Hurricanes,Force,22,16,1.15,25.89,5.17
Bulls,Cheetahs,26,20,1.38,20.85,3.04
Stormers,Sharks,22,15,1.71,19.4,2.16
Force,Crusaders,16,14,4.14,23,1.23
Rebels,Kings,27,30,1.36,21.53,3.17
Blues,Hurricanes,28,6,1.65,19.85,2.25
Chiefs,Reds,23,31,1.29,21.5,3.66
Highlanders,Brumbies,19,30,2.14,19.8,1.73
Cheetahs,Stormers,26,24,2.7,20.88,1.47
Force,Rebels,23,30,1.42,20.64,2.9
Hurricanes,Waratahs,41,29,1.36,21.94,3.18
Sharks,Crusaders,21,17,1.61,19.31,2.34
Brumbies,Kings,28,28,1.01,39.75,15.75
Blues,Highlanders,29,18,1.38,21,3.07
Waratahs,Force,23,19,1.24,24.09,3.98
Stormers,Crusaders,14,19,1.45,21.05,2.76
Cheetahs,Rebels,34,16,1.11,29.28,6.27
Brumbies,Bulls,23,20,1.3,22.83,3.54
Chiefs,Blues,23,16,1.32,22.69,3.4
Hurricanes,Kings,46,30,1.01,43.86,18.29
Highlanders,Reds,33,34,1.62,19.81,2.33
Waratahs,Blues,30,27,2.25,19.25,1.66
Stormers,Brumbies,35,22,1.65,19.78,2.26
Sharks,Rebels,64,7,1.12,30.09,6.09
Force,Cheetahs,10,19,1.65,20.06,2.23
Reds,Bulls,23,18,1.44,21.25,2.8
Crusaders,Kings,55,20,1.01,47.75,18.38
Chiefs,Highlanders,19,7,1.23,22.89,4.11
Sharks,Brumbies,10,29,1.47,20.83,2.68
Reds,Force,12,19,1.12,28.11,6.19
Crusaders,Bulls,41,19,1.22,24.39,4.26
Kings,Chiefs,24,35,7.65,32.33,1.08
Waratahs,Cheetahs,26,27,1.31,23.48,3.44
Highlanders,Hurricanes,19,23,1.71,20,2.15
Blues,Bulls,21,28,1.29,24.22,3.53
Kings,Sharks,12,21,7.76,33.25,1.07
Stormers,Chiefs,36,34,1.8,19.03,2.04
Brumbies,Waratahs,35,6,1.36,22.11,3.1
Highlanders,Cheetahs,19,36,1.11,29.44,6.23
Rebels,Reds,13,23,3.16,22.22,1.36
Hurricanes,Crusaders,29,28,2.48,20.78,1.54
Sharks,Stormers,12,6,1.56,20.02,2.44
Bulls,Force,36,26,1.08,30.05,7.36
Chiefs,Cheetahs,45,3,1.07,31.16,8.03
Reds,Hurricanes,18,12,1.52,21.11,2.56
Waratahs,Rebels,31,26,1.19,25.33,4.64
Blues,Crusaders,34,15,2.53,21.2,1.52
Kings,Force,22,10,4.54,25.56,1.19
Cheetahs,Sharks,22,29,3.01,20.35,1.4
Reds,Waratahs,25,17,1.77,18.3,2.08
Hurricanes,Blues,20,34,1.39,21.45,3.04
Bulls,Stormers,25,17,1.98,18.52,1.85
Rebels,Brumbies,13,30,2.98,21.48,1.4
Highlanders,Chiefs,27,41,1.74,19.5,2.11
Brumbies,Reds,24,6,1.56,20.04,2.46
Rebels,Force,30,23,1.34,22.08,3.27
Chiefs,Sharks,37,6,1.39,20.29,3.06
Stormers,Sharks,19,26,1.54,20.19,2.46
Chiefs,Crusaders,20,17,2.41,19.53,1.58
Reds,Sharks,17,30,1.49,20.04,2.65
Crusaders,Bulls,28,13,1.18,24.5,4.79
Bulls,Lions,37,20,1.06,32.37,8.1
Sharks,Cheetahs,34,15,1.1,29.36,6.2
Stormers,Rebels,26,21,1.04,34.08,9.51
Reds,Waratahs,32,16,1.24,23.68,3.95
Crusaders,Force,38,24,1.01,38.91,13.83
Brumbies,Blues,16,30,1.34,22.29,3.25
Hurricanes,Chiefs,28,25,2.42,21.34,1.56
Lions,Rebels,37,32,1.27,23.82,3.67
Cheetahs,Stormers,6,13,3.36,23.25,1.31
Waratahs,Brumbies,15,19,1.89,19.44,1.91
Blues,Force,32,9,1.08,30.27,6.92
Sharks,Bulls,32,10,1.76,19.2,2.06
Reds,Highlanders,19,13,1.28,23.29,3.61
Chiefs,Crusaders,21,28,2.02,19.5,1.79
Bulls,Cheetahs,40,24,1.14,27.53,5.3
Stormers,Lions,27,17,1.08,30.52,7.21
Force,Brumbies,17,28,2.66,21.86,1.47
Crusaders,Hurricanes,22,23,1.16,26.57,4.96
Rebels,Reds,17,32,3.91,23.95,1.24
Highlanders,Chiefs,21,27,2.28,19.83,1.62
Bulls,Stormers,14,19,1.55,20.05,2.46
Lions,Sharks,38,28,5.08,26.9,1.15
Waratahs,Hurricanes,12,33,1.7,19.15,2.17
Blues,Chiefs,34,41,3.96,22.95,1.24
Rebels,Brumbies,19,27,3.98,23.16,1.23
Crusaders,Highlanders,51,18,1.2,24.39,4.35
Sharks,Stormers,25,20,1.73,19.27,2.11
Cheetahs,Waratahs,35,34,1.66,19.78,2.22
Force,Lions,17,11,1.36,22.59,3.12
Brumbies,Reds,12,13,1.9,18.97,1.93
Blues,Highlanders,20,27,2.5,20.2,1.53
Hurricanes,Rebels,66,24,1.22,25.12,4.08
Chiefs,Bulls,28,22,1.44,21.38,2.76
Force,Rebels,31,32,1.89,18.67,1.93
Stormers,Waratahs,19,13,1.27,23.03,3.7
Cheetahs,Sharks,20,34,2.32,19.64,1.61
Reds,Lions,34,20,1.05,32.72,8.28
Crusaders,Blues,59,12,1.17,25.19,4.83
Highlanders,Bulls,16,11,1.97,18.57,1.85
Hurricanes,Brumbies,25,37,1.44,21.32,2.79
Reds,Chiefs,42,27,1.95,18.61,1.86
Stormers,Cheetahs,16,14,1.19,25.66,4.56
Sharks,Force,53,11,1.15,27.41,5.08
Rebels,Crusaders,28,19,5.84,29.29,1.12
Highlanders,Hurricanes,20,26,1.61,20.18,2.3
Waratahs,Bulls,24,27,1.89,19.15,1.91
Blues,Lions,25,3,1.21,24.64,4.25
Crusaders,Reds,15,11,1.15,27.82,5.01
Cheetahs,Force,17,13,1.32,23.13,3.32
Sharks,Highlanders,28,16,1.45,21.33,2.74
Brumbies,Waratahs,23,6,1.83,18.91,1.98
Chiefs,Lions,34,21,1.04,38.58,9.18
Rebels,Bulls,35,41,5.08,28.79,1.15
Hurricanes,Blues,35,19,1.5,20.13,2.6
Waratahs,Crusaders,33,37,3.94,22,1.26
Cheetahs,Highlanders,33,36,1.8,19.28,2.01
Force,Stormers,3,17,2.95,21.88,1.39
Chiefs,Hurricanes,33,14,1.34,22.01,3.2
Lions,Brumbies,20,34,2.16,19.65,1.69
Blues,Reds,11,23,1.43,21.71,2.81
Bulls,Brumbies,36,34,1.1,27.99,6.18
Sharks,Chiefs,12,18,1.69,19.6,2.16
Waratahs,Rebels,30,21,1.11,27.96,5.97
Hurricanes,Crusaders,14,42,3.31,22.04,1.33
Reds,Stormers,13,23,2.1,19.42,1.73
Highlanders,Blues,30,27,1.51,20.55,2.53
Lions,Bulls,18,32,4.17,25.12,1.21
Cheetahs,Chiefs,33,39,2.08,19.41,1.75
Brumbies,Rebels,37,6,1.47,21.09,2.66
Crusaders,Stormers,31,24,1.58,19.49,2.39
Force,Waratahs,18,23,2.31,19.95,1.61
Blues,Sharks,23,29,1.67,20.05,2.19
Bulls,Crusaders,32,30,1.69,19.84,2.16
Cheetahs,Lions,26,5,1.44,21.66,2.77
Highlanders,Stormers,6,21,1.82,19.39,1.99
Force,Chiefs,12,20,2.73,20.36,1.46
Reds,Brumbies,20,13,1.68,20.57,2.18
Hurricanes,Sharks,42,18,1.97,18.98,1.84
Rebels,Blues,34,23,3.37,23,1.31
Stormers,Bulls,20,17,1.57,20.28,2.38
Lions,Crusaders,13,23,3.46,23.52,1.29
Force,Reds,45,19,2.05,19.54,1.75
Brumbies,Sharks,26,29,2.12,19.79,1.71
Chiefs,Waratahs,30,13,1.49,21.33,2.59
Hurricanes,Cheetahs,38,47,1.27,24.41,3.63
Highlanders,Rebels,43,12,1.31,22.8,3.37
Lions,Stormers,19,24,3.53,22.91,1.29
Bulls,Reds,61,8,1.28,23.34,3.59
Brumbies,Highlanders,33,26,2.31,20.56,1.61
Crusaders,Cheetahs,28,21,1.07,34.93,7.43
Waratahs,Sharks,34,30,1.62,20.45,2.29
Rebels,Force,30,29,2.06,19.36,1.77
Blues,Hurricanes,25,26,1.53,20.69,2.5
Rebels,Cheetahs,26,33,1.56,21.13,2.43
Sharks,Reds,27,22,1.58,20,2.4
Waratahs,Force,20,21,1.14,26.09,5.29
Hurricanes,Highlanders,17,19,2.02,19.73,1.81
Stormers,Blues,27,17,1.4,22.18,2.94
Chiefs,Brumbies,29,22,1.13,26.45,5.55
Bulls,Blues,23,29,1.42,20.68,2.86
Sharks,Lions,32,20,1.19,25.17,4.52
Reds,Rebels,11,6,1.12,26.3,5.81
Highlanders,Waratahs,18,17,1.69,19.25,2.19
Brumbies,Cheetahs,24,23,1.32,22.33,3.38
Force,Hurricanes,19,46,1.82,18.77,2.01
Crusaders,Chiefs,19,24,1.41,20.6,2.88
Stormers,Sharks,15,12,1.49,20.69,2.63
Cheetahs,Bulls,19,51,2.29,20.27,1.63
Reds,Force,35,20,1.18,26.2,4.63
Highlanders,Crusaders,27,24,2.99,21.8,1.39
Lions,Hurricanes,28,30,1.61,20,2.33
Rebels,Waratahs,19,35,3.06,22.2,1.38
Chiefs,Blues,29,14,2.54,20.2,1.52
Lions,Cheetahs,27,25,1.56,19.52,2.46
Stormers,Hurricanes,39,26,1.19,22.83,4.66
Waratahs,Reds,21,25,1.89,19.22,1.94
Chiefs,Highlanders,19,23,1.36,20.75,3.21
Bulls,Sharks,18,13,1.74,19.02,2.13
Brumbies,Force,19,17,1.6,19.81,2.35
Blues,Crusaders,18,19,1.68,19.43,2.21
Reds,Crusaders,18,13,2.43,18.5,1.58
Stormers,Crusaders,10,29,2.15,18.36,1.71
Reds,Blues,30,13,2.88,20.57,1.41
Crusaders,Sharks,36,8,1.13,26.25,5.34
Blues,Waratahs,26,13,1.27,22.71,3.56
Cheetahs,Stormers,34,44,3.25,21.29,1.33
Bulls,Sharks,23,26,1.34,21.43,3.15
Waratahs,Brumbies,41,7,1.26,22.25,3.77
Crusaders,Hurricanes,16,9,1.27,22.63,3.65
Chiefs,Reds,11,19,1.73,19.06,2.07
Rebels,Force,24,27,2.77,20.63,1.43
Blues,Highlanders,33,16,1.18,24.25,4.49
Stormers,Bulls,16,19,1.55,19.19,2.42
Lions,Sharks,30,30,3.66,23,1.26
Force,Reds,21,24,2.54,20.5,1.49
Waratahs,Highlanders,33,7,1.33,22.25,3.22
Crusaders,Blues,23,16,1.31,22.38,3.33
Brumbies,Rebels,32,17,1.21,24.63,4.23
Chiefs,Hurricanes,18,18,1.45,20.44,2.68
Cheetahs,Sharks,18,23,2.21,18.57,1.66
Reds,Brumbies,14,22,1.07,31.75,7.06
Blues,Chiefs,11,16,1.34,21.38,3.23
Hurricanes,Lions,38,27,1.16,24.25,4.87
Bulls,Waratahs,23,17,1.26,22.13,3.75
Rebels,Stormers,3,40,6.14,27.5,1.11
Highlanders,Force,14,21,1.28,22.29,3.52
Reds,Crusaders,17,16,2.17,18,1.68
Bulls,Cheetahs,32,21,1.25,22.57,3.79
Sharks,Waratahs,26,21,1.45,20.86,2.72
Brumbies,Stormers,3,16,3.48,22,1.29
Highlanders,Lions,22,26,1.11,26.75,5.92
Hurricanes,Force,34,28,1.1,27,6.44
Sharks,Bulls,23,32,1.68,19.14,2.17
Cheetahs,Rebels,41,21,1.07,28.71,7.21
Force,Brumbies,13,13,1.38,20.5,2.97
Waratahs,Lions,29,12,1.08,29.5,6.79
Crusaders,Chiefs,25,19,1.24,22.75,3.9
Blues,Stormers,26,28,1.4,20.5,2.87
Cheetahs,Crusaders,33,20,4.7,26.14,1.17
Bulls,Rebels,47,10,1.02,33.63,11.44
Brumbies,Lions,20,29,1.12,26.13,5.8
Chiefs,Stormers,30,23,2.23,18.81,1.64
Reds,Blues,37,31,1.6,18.63,2.31
Highlanders,Hurricanes,13,6,1.89,19,1.91
Sharks,Brumbies,34,16,1.12,26.71,5.5
Stormers,Crusaders,14,20,1.69,19.31,2.13
Waratahs,Force,20,15,1.35,21.38,3.11
Chiefs,Highlanders,20,7,1.64,19.44,2.22
Lions,Cheetahs,19,53,1.84,18,1.96
Rebels,Reds,18,33,6.16,27.75,1.1
Hurricanes,Blues,11,17,2.44,19.31,1.54
Stormers,Sharks,32,12,1.49,19.71,2.61
Bulls,Chiefs,43,27,1.43,20.38,2.81
Force,Crusaders,30,42,3.2,20.5,1.34
Waratahs,Rebels,28,9,1.19,25,4.53
Hurricanes,Reds,28,26,2.35,18.88,1.58
Cheetahs,Brumbies,47,36,1.71,19.14,2.1
Highlanders,Blues,10,15,2.21,18.75,1.66
Lions,Chiefs,30,34,2.37,18.94,1.57
Sharks,Hurricanes,40,24,1.23,22.86,3.98
Force,Bulls,26,21,2.4,18.81,1.55
Reds,Waratahs,19,15,1.46,19.63,2.68
Crusaders,Highlanders,18,26,1.08,30.13,6.98
Blues,Rebels,40,23,1.02,36.25,12.06
Brumbies,Force,19,27,1.32,21.75,3.28
Cheetahs,Hurricanes,47,50,1.79,18.86,2.02
Lions,Stormers,19,33,4.27,23.38,1.2
Reds,Bulls,39,30,1.36,21.13,3.08
Blues,Waratahs,31,17,1.39,20.75,2.91
Rebels,Highlanders,18,40,2.18,18.56,1.68
Chiefs,Crusaders,16,34,4.18,24.13,1.21
Sharks,Lions,27,3,1.18,24.5,4.54
Stormers,Reds,6,19,1.26,21.13,3.72
Force,Waratahs,3,31,2.78,20.25,1.42
Brumbies,Hurricanes,17,16,1.67,18.56,2.19
Crusaders,Bulls,27,0,1.25,22.13,3.78
Highlanders,Cheetahs,24,21,1.13,26.5,5.38
Sharks,Stormers,6,16,1.98,18.5,1.82
Lions,Reds,25,30,2.9,21,1.4
Force,Rebels,25,26,1.2,23.75,4.29
Hurricanes,Bulls,14,26,1.58,18.81,2.33
Blues,Cheetahs,29,22,1.01,37.13,12.13
Waratahs,Chiefs,23,16,1.37,21,3.06
Highlanders,Brumbies,26,20,1.38,20.78,2.99
Crusaders,Sharks,44,28,1.18,23.5,4.53
Bulls,Lions,30,23,1.16,26,4.89
Stormers,Force,51,16,1.18,24.75,4.59
Brumbies,Waratahs,22,29,2.26,19.19,1.63
Chiefs,Blues,13,16,2.05,18.44,1.77
Reds,Cheetahs,41,8,1.07,31.13,7.11
Rebels,Hurricanes,42,25,4.43,24.25,1.19
Bulls,Stormers,13,23,1.52,19.31,2.51
Lions,Force,15,27,1.57,19.31,2.36
Waratahs,Cheetahs,3,23,1.03,33.86,9.54
Blues,Hurricanes,41,17,1.55,19.44,2.42
Highlanders,Crusaders,13,44,4.31,24,1.2
Reds,Rebels,53,3,1.08,30.13,7.01
Chiefs,Sharks,15,9,1.75,18.94,2.06
Cheetahs,Lions,20,25,1.73,18.44,2.09
Force,Blues,22,22,3.28,22.13,1.32
Hurricanes,Chiefs,29,26,1.51,20.25,2.52
Stormers,Highlanders,18,6,1.39,20.75,2.95
Rebels,Sharks,32,34,4.66,24.13,1.18
Crusaders,Brumbies,52,10,1.08,30.25,7.12
Bulls,Highlanders,28,35,1.12,28.57,5.83
Stormers,Cheetahs,21,15,1.17,25.14,4.69
Force,Sharks,12,39,2.3,18.83,1.61
Brumbies,Reds,25,31,1.41,20.43,2.85
Chiefs,Rebels,38,10,1.13,27.71,5.35
Lions,Blues,32,41,2.22,18.79,1.64
Crusaders,Waratahs,33,18,1.48,19.83,2.62
Stormers,Lions,19,16,1.18,25,4.56
Sharks,Blues,26,12,1.53,18.92,2.49
Waratahs,Reds,30,6,1.36,21.17,3.07
Cheetahs,Bulls,23,25,5.77,28.29,1.12
Rebels,Brumbies,25,24,5.68,27.33,1.13
Highlanders,Chiefs,23,13,2.41,18.92,1.57
Reds,Force,21,20,1.17,25,4.74
Lions,Bulls,20,24,5.38,28.17,1.13
Sharks,Cheetahs,24,9,1.14,27.14,5.21
Brumbies,Chiefs,28,20,1.67,18.92,2.2
Blues,Crusaders,24,22,2.04,18.92,1.78
Rebels,Waratahs,0,43,3.44,22.5,1.31
Hurricanes,Highlanders,9,14,1.13,28.5,5.56
Bulls,Stormers,25,17,1.47,20,2.7
Stormers,Waratahs,25,6,1.32,21.14,3.34
Bulls,Crusaders,39,24,1.4,20.71,2.94
Stormers,Bulls,38,10,1.11,27.14,6.23
Cheetahs,Lions,59,10,1.14,24.57,5.17
Reds,Highlanders,38,36,1.18,24.14,4.62
Blues,Chiefs,30,20,1.17,25.14,4.73
Sharks,Force,27,22,1.14,26.86,5.1
Waratahs,Hurricanes,32,16,1.63,20.29,2.23
Crusaders,Brumbies,40,22,1.4,21.86,2.91
Sharks,Stormers,20,14,2.7,20.57,1.45
Cheetahs,Force,29,14,1.98,18.67,1.82
Lions,Blues,14,56,3.43,22,1.3
Brumbies,Highlanders,31,3,1.13,27.29,5.25
Chiefs,Waratahs,19,46,2.15,19.14,1.69
Bulls,Crusaders,40,35,1.27,23.29,3.66
Hurricanes,Reds,44,21,1.43,21.43,2.75
Bulls,Sharks,27,19,1.28,22,3.59
Lions,Force,12,33,2.39,19.43,1.56
Cheetahs,Blues,36,32,2.78,20.43,1.42
Brumbies,Reds,32,12,1.85,17.71,1.96
Hurricanes,Chiefs,33,27,1.16,25.57,4.96
Stormers,Crusaders,42,14,1.56,19.43,2.4
Highlanders,Waratahs,26,10,2.78,20.29,1.43
Sharks,Blues,23,10,1.57,19.29,2.36
Bulls,Lions,51,11,1.03,35.71,10.64
Waratahs,Brumbies,19,12,1.55,19.29,2.4
Highlanders,Hurricanes,31,33,3.35,21.14,1.32
Force,Crusaders,24,16,5.03,24.71,1.15
Reds,Stormers,16,13,2.04,18.43,1.78
Chiefs,Cheetahs,25,25,1.06,32.86,7.56
Lions,Sharks,28,32,4.23,23.57,1.21
Reds,Bulls,19,12,2.32,20,1.59
Crusaders,Cheetahs,45,6,1.01,40.83,13.5
Blues,Force,38,17,1.26,23.14,3.76
Brumbies,Hurricanes,13,23,1.47,21.14,2.62
Chiefs,Stormers,15,49,2.07,18.43,1.76
Lions,Reds,26,41,3.14,21.14,1.36
Brumbies,Cheetahs,61,15,1.04,32,8.89
Crusaders,Waratahs,20,13,1.28,22.86,3.54
Blues,Stormers,21,33,1.36,22.14,3.04
Highlanders,Force,27,41,1.38,21.57,2.98
Chiefs,Bulls,19,33,1.8,19.67,2
Sharks,Reds,30,28,1.51,20.29,2.5
Waratahs,Cheetahs,40,17,1.09,29.43,6.54
Chiefs,Highlanders,27,21,1.2,23.14,4.28
Blues,Bulls,32,17,1.88,18,1.92
Force,Stormers,16,15,3.29,21.86,1.32
Hurricanes,Crusaders,26,26,2.36,19.29,1.57
Force,Bulls,15,28,4.84,25.14,1.17
Waratahs,Blues,39,32,1.62,18.86,2.27
Hurricanes,Sharks,26,29,1.46,20.43,2.65
Cheetahs,Reds,10,31,1.98,18.57,1.83
Brumbies,Chiefs,30,23,1.64,18.86,2.24
Highlanders,Lions,39,29,1.12,30.17,5.78
Stormers,Cheetahs,21,8,1.19,22.29,4.55
Force,Waratahs,10,14,4.28,21.86,1.21
Highlanders,Sharks,16,30,2.08,18,1.75
Crusaders,Lions,46,19,1.01,36.25,13
Bulls,Hurricanes,19,18,1.13,26.29,5.61
Blues,Brumbies,39,34,1.67,18.71,2.19
Reds,Force,50,10,1.31,22.57,3.38
Stormers,Hurricanes,37,13,1.51,20,2.52
Bulls,Highlanders,50,35,1.03,35.71,10.21
Brumbies,Sharks,24,22,1.25,22.71,3.76
Waratahs,Lions,73,12,1.08,32.17,7.25
Chiefs,Crusaders,19,26,2.21,19.14,1.66
Cheetahs,Hurricanes,28,12,2.67,18.33,1.47
Stormers,Highlanders,33,0,1.35,20.17,3.16
Waratahs,Sharks,25,21,1.27,22,3.61
Crusaders,Blues,33,20,1.21,21.43,4.27
Brumbies,Lions,24,13,1.04,33.67,9.67
Chiefs,Reds,18,23,1.06,28.29,7.86
Bulls,Waratahs,48,38,1.13,27.57,5.34
Cheetahs,Highlanders,24,31,1.47,19.57,2.64
Force,Chiefs,19,37,3.1,21,1.36
Reds,Blues,18,27,1.67,18.29,2.19
Hurricanes,Lions,33,18,1.02,40.33,11.5
Stormers,Brumbies,17,19,1.53,19.71,2.47
Crusaders,Sharks,35,6,1.15,25.57,5.1
Stormers,Waratahs,27,6,1.42,19.57,2.84
Bulls,Brumbies,50,32,1.38,20.43,2.99
Hurricanes,Force,47,22,1.06,32.14,7.9
Lions,Chiefs,65,72,3.54,21.43,1.29
Sharks,Cheetahs,20,25,1.25,22.29,3.8
Reds,Crusaders,41,20,4.47,24.33,1.19
Highlanders,Blues,15,19,1.97,19,1.85
Sharks,Chiefs,18,19,1.45,21,2.69
Lions,Stormers,13,26,3.22,22.67,1.34
Reds,Waratahs,28,30,2.71,20.33,1.45
Crusaders,Highlanders,32,17,1.14,29.67,5.5
Cheetahs,Bulls,34,51,4.03,23.33,1.23
Force,Brumbies,15,24,2.57,21,1.49
Blues,Hurricanes,20,34,2.12,19.67,1.72
Bulls,Chiefs,61,17,1.37,20,3.09
Bulls,Crusaders,36,23,1.43,21.33,2.83
Chiefs,Hurricanes,14,10,1.85,17.6,1.94
Sharks,Bulls,26,27,2.08,19,1.73
Cheetahs,Stormers,22,28,1.78,19.17,2.02
Force,Highlanders,33,28,1.21,23,4.1
Reds,Hurricanes,28,37,5.7,30.17,1.11
Blues,Crusaders,13,15,2.57,21.33,1.49
Lions,Waratahs,33,38,2.67,21.5,1.46
Chiefs,Brumbies,10,7,1.23,23.5,4.03
Stormers,Force,25,24,2.1,17.83,1.73
Bulls,Cheetahs,29,20,1.1,29.83,6.17
Sharks,Waratahs,12,16,1.41,20.17,2.85
Brumbies,Blues,37,15,1.5,20.33,2.53
Chiefs,Hurricanes,16,8,1.82,17.83,1.97
Lions,Highlanders,27,22,1.92,17.2,1.86
Crusaders,Reds,32,12,1.06,34.17,7.63
Stormers,Chiefs,14,28,2.02,18.83,1.77
Bulls,Force,32,29,1.29,23.17,3.47
Sharks,Highlanders,23,15,1.12,28.33,5.75
Reds,Brumbies,13,52,1.94,17.83,1.86
Cheetahs,Waratahs,10,18,2.16,18.83,1.69
Lions,Crusaders,20,32,2.52,20.67,1.5
Hurricanes,Blues,45,27,1.26,24.33,3.69
Bulls,Chiefs,33,27,1.5,20.67,2.55
Cheetahs,Crusaders,20,13,3.43,23.33,1.29
Hurricanes,Brumbies,56,7,1.31,22.5,3.32
Blues,Reds,24,31,1.09,31.5,6.37
Force,Lions,55,14,1.23,24.67,4.08
Highlanders,Stormers,11,18,1.43,22.17,2.78
Sharks,Crusaders,10,13,1.4,21.5,2.86
Cheetahs,Chiefs,10,28,2.82,21.83,1.41
Waratahs,Force,14,15,1.55,19.33,2.41
Reds,Lions,20,31,1.36,22,3.08
Hurricanes,Stormers,34,11,1.28,23,3.55
Brumbies,Bulls,32,31,1.7,19.17,2.12
Blues,Highlanders,26,6,1.32,22.17,3.3
Cheetahs,Sharks,31,6,5.84,31.17,1.11
Waratahs,Bulls,6,20,1.61,20,2.26
Highlanders,Reds,24,19,1.35,22.67,3.08
Force,Hurricanes,27,28,1.89,18,1.9
Blues,Lions,36,12,1.09,29.83,6.58
Cheetahs,Brumbies,27,40,2.33,19.83,1.58
Waratahs,Stormers,12,6,1.42,22,2.79
Chiefs,Lions,36,29,1.03,38.17,9.83
Sharks,Hurricanes,33,17,1.38,22,2.94
Crusaders,Bulls,16,13,1.6,20,2.28
Lions,Hurricanes,32,38,2.56,21,1.49
Sharks,Brumbies,35,14,1.2,24.67,4.27
Reds,Chiefs,26,50,2.3,19,1.6
Crusaders,Stormers,11,7,1.38,21.83,2.95
Highlanders,Bulls,36,12,2.52,20.67,1.51
Blues,Waratahs,22,27,1.46,21,2.64
Lions,Brumbies,25,17,2.29,20,1.59
Force,Sharks,10,22,2.18,19.4,1.67
Waratahs,Crusaders,13,17,1.49,20.6,2.56
Chiefs,Blues,63,34,1.9,18.4,1.88
Highlanders,Cheetahs,32,8,1.13,27.4,5.4
Hurricanes,Bulls,14,19,1.46,21,2.65
Stormers,Lions,56,18,1.26,21.67,3.72
Reds,Sharks,25,13,2.92,20.33,1.4
Highlanders,Chiefs,10,14,2.29,19.5,1.6
Crusaders,Force,23,23,1.56,19.17,2.4
Brumbies,Waratahs,21,11,1.91,18,1.89
Blues,Cheetahs,46,12,1.04,34.5,8.63
Bulls,Stormers,14,10,1.33,22,3.24
Highlanders,Crusaders,6,0,2.82,20.67,1.41
Blues,Sharks,31,35,1.75,18.17,2.06
Hurricanes,Cheetahs,29,12,1.05,33.2,8.15
Stormers,Sharks,15,20,2.02,18.4,1.77
Hurricanes,Waratahs,22,26,1.37,21.4,3.02
Crusaders,Chiefs,19,13,1.32,21.4,3.29
Lions,Cheetahs,34,28,1.59,20.2,2.3
Force,Blues,19,25,2.03,19.4,1.78
Highlanders,Brumbies,31,33,2.21,20,1.64